{
    "enemies": [
        {
            "id": "glitch_rat",
            "name": "Glitch Rat",
            "tier": 1,
            "stats": {
                "atk": 5,
                "def": 2,
                "spd": 10,
                "hp": 20
            },
            "visuals": {
                "char": "r",
                "color": "#ff00ff",
                "glitch_rate": 0.1
            },
            "special": {
                "id": "none",
                "trigger": "none",
                "effect": "none"
            },
            "description": "A rat composed of flickering static and corrupted code."
        },
        {
            "id": "data_wraith",
            "name": "Data Wraith",
            "tier": 2,
            "stats": {
                "atk": 15,
                "def": 5,
                "spd": 15,
                "hp": 50
            },
            "visuals": {
                "char": "W",
                "color": "#00ffff",
                "glitch_rate": 0.3
            },
            "special": {
                "id": "drain",
                "trigger": "hit",
                "effect": "drain_energy"
            },
            "description": "A floating torso of neon blue light, screaming silently."
        },
        {
            "id": "firewall_sentinel",
            "name": "Firewall Sentinel",
            "tier": 3,
            "stats": {
                "atk": 25,
                "def": 20,
                "spd": 5,
                "hp": 100
            },
            "visuals": {
                "char": "S",
                "color": "#ffaa00",
                "glitch_rate": 0.05
            },
            "special": {
                "id": "block",
                "trigger": "defend",
                "effect": "reflect_damage"
            },
            "description": "A heavy, armored figure made of burning orange firewall data."
        },
        {
            "id": "glitch_architect",
            "name": "Glitch Architect",
            "tier": 4,
            "stats": {
                "atk": 40,
                "def": 15,
                "spd": 20,
                "hp": 150
            },
            "visuals": {
                "char": "A",
                "color": "#ffffff",
                "glitch_rate": 0.8
            },
            "special": {
                "id": "rewrite",
                "trigger": "low_hp",
                "effect": "heal_self"
            },
            "description": "A tall, spindly figure that seems to be rewriting the room around it as it moves."
        },
        {
            "id": "null_pointer",
            "name": "Null Pointer",
            "tier": 2,
            "stats": {
                "atk": 20,
                "def": 0,
                "spd": 30,
                "hp": 40
            },
            "visuals": {
                "char": "0",
                "color": "#888888",
                "glitch_rate": 0.5
            },
            "special": {
                "id": "void",
                "trigger": "death",
                "effect": "explode"
            },
            "description": "A literal hole in reality, shaped like a zero. It draws light into itself."
        }
    ]
}