{
  "id": "item_bdb0p8k",
  "name": "Nexosys",
  "shortName": "nexosys",
  "description": "A sleek, high-tech plasma weapon equipped with a neural interface module for enhanced targeting accuracy. The Nexosys combines advanced computational processing with a devastating plasma core to create an unyielding combat tool in a dystopian cyberpunk setting.",
  "type": "weapon",
  "rarity": "rare",
  "cost": 1000,
  "weight": 1.9,
  "attributes": {
    "slot": "neural",
    "damage": 50,
    "range": 100,
    "ammoType": "energy",
    "magSize": 10,
    "weight": 200
  },
  "portrait": "/assets/portraits/item_bdb0p8k.jpg",
  "_metadata": {
    "proposalId": "9465e982-e570-4236-81a4-5b18e4453101",
    "generatedAt": 1768758183777,
    "publishedAt": 1768758232844,
    "seed": "vxj9w",
    "flavor": {
      "rationale": "In a world consumed by technology and dystopian ruin, the Nexosys would be found among the scraps of abandoned systems, scavenged by those who scavenge for the edge of survival. Its neural interface module makes it particularly valuable for precision combat in high-stakes scenarios."
    }
  }
}