{
  "id": "item_le9m4m",
  "name": "NeuroShield",
  "shortName": "neuroshield",
  "description": "A dynamic, adaptive cyber armor that shifts its color spectrum in real-time to counteract virtual attacks. The NeuroShield uses advanced neural interfaces to detect and neutralize incoming threats, providing both physical protection and digital shielding against data breaches or cyberattacks. Its holographic layer ensures minimal damage while maintaining structural integrity.",
  "type": "armor",
  "rarity": "common",
  "cost": 100,
  "weight": 1.4,
  "attributes": {
    "slot": "neural",
    "defense": 18,
    "penalty": 17
  },
  "portrait": "",
  "_metadata": {
    "proposalId": "293d4d7c-00ac-47eb-b0a1-4b188b30689a",
    "generatedAt": 1768758292155,
    "publishedAt": 1768758386988,
    "seed": "khyvfb",
    "flavor": {
      "rationale": "In a dystopian cyberpunk setting, NeuroShield would be essential for cyberwarriors who must protect themselves from both physical violence and virtual attacks. Its hybrid design merges traditional armor with cutting-edge technology, making it an irreplaceable tool in the fight against digital warfare."
    }
  }
}