{
  "id": "item_fix6kb",
  "name": "NeonNest",
  "shortName": "neonnest",
  "description": "A compact, self-healing energy hub designed to provide sustained power to cybernetic devices. NeonNest acts as a portable energy source that charges devices while also healing minor injuries or malfunctions.",
  "type": "consumable",
  "rarity": "rare",
  "cost": 1000,
  "weight": 0.2,
  "attributes": {
    "slot": "neural",
    "effect": {
      "heals": 500,
      "charges": 3
    }
  },
  "portrait": "",
  "_metadata": {
    "proposalId": "aff649f3-2dbd-4e7d-a181-4e9c5a69747f",
    "generatedAt": 1768758289996,
    "publishedAt": 1768758391944,
    "seed": "1ho67",
    "flavor": {
      "rationale": "In a cyberpunk setting, where devices often require continuous power without the luxury of frequent refueling, NeonNest serves as an essential companion for players navigating through hostile environments. Its self-healing properties make it invaluable for maintaining operational integrity in challenging scenarios."
    }
  }
}