{
  "id": "item_8djwog",
  "name": "Nexal",
  "shortName": "nexal",
  "description": "A high-tech, cybernetic blade designed for precision strikes in the heart of a dystopian city. Nexal combines synthetic materials with advanced nanotechnology to create a weapon that not only slashes through defenses but also bypasses traditional skill checks and provides stealth benefits.",
  "type": "weapon",
  "rarity": "common",
  "cost": 800,
  "weight": 2.1,
  "attributes": {
    "damage": 20,
    "range": 60,
    "ammoType": "7mm",
    "magSize": 5,
    "weight": 267
  },
  "portrait": "",
  "_metadata": {
    "proposalId": "e8943b29-1b9e-4d5e-80d2-99af569d4f27",
    "generatedAt": 1768758297210,
    "publishedAt": 1768758393824,
    "seed": "h0rvw",
    "flavor": {
      "rationale": "In a world where cyborgs and AI systems dominate, Nexal represents the ultimate tool for survivalists who rely on sharp intuition and raw power. Its unique ability to bypass standard combat tactics makes it an invaluable asset in a player's arsenal."
    }
  }
}